0.007601723074913025,0.0919802188873291,0.8346373438835144
0.007632821798324585,0.09172070026397705,0.8338496088981628
0.007534295320510864,0.09121298789978027,0.8325939774513245
0.007307708263397217,0.09044075012207031,0.8307012915611267
0.006902128458023071,0.08938765525817871,0.8280587792396545
0.006288886070251465,0.08811712265014648,0.8247793316841125
0.005504116415977478,0.08673036098480225,0.8210981488227844
0.004833534359931946,0.08505451679229736,0.8168777823448181
0.004084944725036621,0.08324360847473145,0.8123127818107605
0.003189191222190857,0.08135461807250977,0.8074784874916077
0.0023292750120162964,0.07927191257476807,0.802223265171051
0.001383453607559204,0.07707476615905762,0.7966541647911072
0.00033812224864959717,0.07477295398712158,0.7907800078392029
-0.0007077455520629883,0.0722968578338623,0.7845169901847839
-0.0018867850303649902,0.06973397731781006,0.7779752612113953
-0.003043919801712036,0.06698465347290039,0.7710242867469788
-0.004323780536651611,0.06414127349853516,0.7637839913368225
-0.0056045204401016235,0.061124205589294434,0.7561505436897278
-0.007010221481323242,0.0580143928527832,0.7482274174690247
-0.00840538740158081,0.05472159385681152,0.7398996949195862
-0.009930387139320374,0.05133795738220215,0.7312827706336975
-0.011584341526031494,0.04786348342895508,0.7223768830299377
-0.013271674513816833,0.044234275817871094,0.713100254535675
-0.014993488788604736,0.04044783115386963,0.7034470438957214
-0.016699090600013733,0.03647041320800781,0.693375289440155
-0.01847320795059204,0.03235912322998047,0.6829555630683899
-0.020339712500572205,0.028127312660217285,0.6722016930580139
-0.022246167063713074,0.023738503456115723,0.6610718369483948
-0.024196118116378784,0.01919543743133545,0.6495667099952698
-0.026218116283416748,0.014517068862915039,0.6377093195915222
-0.028317034244537354,0.009706616401672363,0.6255038380622864
-0.030490905046463013,0.004762172698974609,0.6129463315010071
-0.032715171575546265,-0.00033152103424072266,0.6000211834907532
-0.03497739136219025,-0.005579590797424316,0.586725652217865
-0.037297800183296204,-0.010965466499328613,0.5730810761451721
-0.03967827558517456,-0.016483068466186523,0.5591016411781311
-0.04211696982383728,-0.022124528884887695,0.5448029637336731
-0.04460950195789337,-0.02788388729095459,0.5302028059959412
-0.04714953899383545,-0.03375124931335449,0.5153296589851379
-0.04973171651363373,-0.03971230983734131,0.500215470790863
-0.05235128849744797,-0.04575049877166748,0.484901487827301
-0.054993219673633575,-0.05184614658355713,0.4694451689720154
-0.057653360068798065,-0.0579761266708374,0.45389968156814575
-0.06031963229179382,-0.06411445140838623,0.4383313059806824
-0.0629788264632225,-0.07023417949676514,0.4228087067604065
-0.06562075018882751,-0.0763092041015625,0.4073987603187561
-0.06823095679283142,-0.0823138952255249,0.39216893911361694
-0.07079826295375824,-0.08822309970855713,0.3771812319755554
-0.07331331819295883,-0.09401595592498779,0.36249250173568726
-0.07576781511306763,-0.09967410564422607,0.34815090894699097
-0.07815667986869812,-0.10518217086791992,0.33418792486190796
-0.08048221468925476,-0.11052846908569336,0.32063454389572144
-0.08274419605731964,-0.11570572853088379,0.30752915143966675
-0.08495227247476578,-0.12071359157562256,0.2948839068412781
-0.08701781928539276,-0.12549591064453125,0.28278249502182007
-0.08896518498659134,-0.13005053997039795,0.2712368965148926
-0.09076514095067978,-0.13434791564941406,0.26029902696609497
-0.09235914796590805,-0.13836133480072021,0.24998968839645386
-0.09390604496002197,-0.14221692085266113,0.24013757705688477
-0.09551312029361725,-0.14599108695983887,0.2306002378463745
-0.09705422073602676,-0.14961063861846924,0.22145771980285645
-0.09853445738554001,-0.15311217308044434,0.21264642477035522
-0.10002829879522324,-0.1565232276916504,0.20404678583145142
-0.10141646862030029,-0.15985727310180664,0.19568663835525513
-0.10287923365831375,-0.16313433647155762,0.18739193677902222
-0.10422396659851074,-0.1664106845855713,0.1792050004005432
-0.10565706342458725,-0.16965234279632568,0.17098695039749146
-0.10702414810657501,-0.17295527458190918,0.16272789239883423
-0.1084597036242485,-0.1762634515762329,0.15436172485351562
-0.10989221930503845,-0.17964863777160645,0.14584863185882568
-0.11136434227228165,-0.18310415744781494,0.13714545965194702
-0.11289678514003754,-0.1866074800491333,0.1282368302345276
-0.11442667245864868,-0.19026613235473633,0.11906808614730835
-0.1159203052520752,-0.19360387325286865,0.11049586534500122
-0.11713314056396484,-0.19648337364196777,0.103229820728302
-0.11808554083108902,-0.1986374855041504,0.09768450260162354
-0.11873352527618408,-0.20002210140228271,0.0940314531326294
-0.11903493106365204,-0.20065689086914062,0.09232568740844727
-0.11944034695625305,-0.19963133335113525,0.09214305877685547
-0.12049338221549988,-0.19637787342071533,0.09207993745803833
-0.12237335741519928,-0.19038653373718262,0.09204298257827759
-0.1251482367515564,-0.18146133422851562,0.09200948476791382
-0.12885484099388123,-0.16951096057891846,0.09197372198104858
-0.13322852551937103,-0.15551996231079102,0.09193873405456543
-0.137863427400589,-0.14080238342285156,0.09191805124282837
-0.1425963044166565,-0.1258392333984375,0.09190672636032104
-0.1473611295223236,-0.11081302165985107,0.09190124273300171
-0.15213260054588318,-0.09580671787261963,0.09189903736114502
-0.15688323974609375,-0.0808570384979248,0.09189647436141968
-0.16161486506462097,-0.06599771976470947,0.09189605712890625
-0.1663108617067337,-0.05123746395111084,0.09189480543136597
-0.17096060514450073,-0.0366361141204834,0.09189492464065552
-0.1751704216003418,-0.0234605073928833,0.0919027328491211
-0.17863023281097412,-0.012766480445861816,0.0919153094291687
-0.18122360110282898,-0.0048629045486450195,0.0919296145439148
-0.18290260434150696,0.00020766258239746094,0.0919414758682251
-0.1836785078048706,0.002489328384399414,0.09195178747177124
-0.1832219511270523,0.0021442174911499023,0.09184873104095459
-0.18145696818828583,0.0010797977447509766,0.09182751178741455
-0.17815105617046356,-0.0008500814437866211,0.09181886911392212
-0.17318688333034515,-0.003727436065673828,0.09180176258087158
-0.16646012663841248,-0.007616519927978516,0.09177476167678833
-0.15839393436908722,-0.012273907661437988,0.09174293279647827
-0.14965593814849854,-0.01732468605041504,0.09172242879867554
-0.14046141505241394,-0.022647857666015625,0.09171056747436523
-0.13086605072021484,-0.028203606605529785,0.09169971942901611
-0.12090568244457245,-0.033974409103393555,0.09169131517410278
-0.11061497032642365,-0.03993940353393555,0.09168338775634766
-0.10004818439483643,-0.04607272148132324,0.0916791558265686
-0.08925826847553253,-0.052332282066345215,0.0916716456413269
-0.07831970602273941,-0.05868422985076904,0.09166520833969116
-0.0672994926571846,-0.06509101390838623,0.09166067838668823
-0.056254900991916656,-0.07151126861572266,0.09165424108505249
-0.045238196849823,-0.07791578769683838,0.09164595603942871
-0.034292906522750854,-0.08428287506103516,0.09163814783096313
-0.023450642824172974,-0.0905904769897461,0.09162884950637817
-0.01282191276550293,-0.09677278995513916,0.09161829948425293
-0.0034554898738861084,-0.10223722457885742,0.09161549806594849
0.004036456346511841,-0.10661852359771729,0.09160977602005005
0.009496957063674927,-0.10981428623199463,0.09159994125366211
0.012904688715934753,-0.11181092262268066,0.09158831834793091
0.014350861310958862,-0.11265957355499268,0.09157556295394897
0.01373089849948883,-0.11173474788665771,0.09129106998443604
0.012137740850448608,-0.10875129699707031,0.0911933183670044
0.009287938475608826,-0.10323977470397949,0.09117162227630615
0.00504593551158905,-0.09498810768127441,0.09117931127548218
-0.0006780922412872314,-0.08389937877655029,0.09120172262191772
-0.007475510239601135,-0.07077550888061523,0.09123766422271729
-0.014736220240592957,-0.056774258613586426,0.09128791093826294
-0.022235751152038574,-0.042346835136413574,0.0913475751876831
-0.02988356351852417,-0.027651667594909668,0.0914115309715271
-0.03763730823993683,-0.012765169143676758,0.09147769212722778
-0.04535377025604248,0.002042412757873535,0.09154576063156128
-0.052217237651348114,0.015198111534118652,0.09161311388015747
-0.057762496173381805,0.025745153427124023,0.09167557954788208
-0.06180527061223984,0.033350586891174316,0.09172612428665161
-0.06427885591983795,0.0379558801651001,0.0917620062828064
-0.06527931243181229,0.03977501392364502,0.09178358316421509
-0.0656236931681633,0.03887033462524414,0.0915948748588562
-0.06646176427602768,0.036012887954711914,0.09153378009796143
-0.06792987883090973,0.030783534049987793,0.0915176272392273
-0.0700841099023819,0.023036599159240723,0.09151947498321533
-0.07295025140047073,0.012796759605407715,0.09152990579605103
-0.07630905508995056,0.0007959604263305664,0.09154671430587769
-0.07986636459827423,-0.011899232864379883,0.09156793355941772
-0.08351557701826096,-0.02488398551940918,0.09159165620803833
-0.08722139149904251,-0.03804731369018555,0.09161704778671265
-0.09097374975681305,-0.05136990547180176,0.09164261817932129
-0.09477179497480392,-0.0648648738861084,0.09166806936264038
-0.09862225502729416,-0.07854843139648438,0.0916929841041565
-0.10253249853849411,-0.09244036674499512,0.09171754121780396
-0.10650614649057388,-0.1065605878829956,0.09174174070358276
-0.11054567247629166,-0.12092721462249756,0.09176522493362427
-0.11450548470020294,-0.13494300842285156,0.0917859673500061
-0.11798842251300812,-0.1471003293991089,0.0918017029762268
-0.12074506282806396,-0.15663087368011475,0.09181183576583862
-0.12267652899026871,-0.16326844692230225,0.09181720018386841
-0.12375103682279587,-0.16691267490386963,0.09181863069534302
-0.12413245439529419,-0.1681830883026123,0.09181755781173706
-0.1236492469906807,-0.16750025749206543,0.09164196252822876
-0.12174281477928162,-0.16541671752929688,0.09158402681350708
-0.11819027364253998,-0.1616297960281372,0.09157150983810425
-0.11289364099502563,-0.15608453750610352,0.09156936407089233
-0.10583996772766113,-0.14877843856811523,0.09156805276870728
-0.09759607911109924,-0.14022839069366455,0.09156864881515503
-0.08891770988702774,-0.13117170333862305,0.09156906604766846
-0.08006563782691956,-0.1219261884689331,0.09156697988510132
-0.07113875448703766,-0.11256825923919678,0.09156662225723267
-0.062140196561813354,-0.10315155982971191,0.09156256914138794
-0.053090743720531464,-0.0936741828918457,0.09155839681625366
-0.043997377157211304,-0.08413422107696533,0.09155505895614624
-0.03484770655632019,-0.0745539665222168,0.0915483832359314
-0.025671273469924927,-0.06491410732269287,0.09154528379440308
-0.016451671719551086,-0.05525708198547363,0.09153735637664795
-0.007222220301628113,-0.045581817626953125,0.0915306806564331
0.0020138919353485107,-0.03590679168701172,0.09152382612228394
0.01123984158039093,-0.026247024536132812,0.09151357412338257
0.020431816577911377,-0.016602754592895508,0.0915060043334961
0.029590576887130737,-0.007023215293884277,0.09149426221847534
0.038679108023643494,0.002506732940673828,0.09148472547531128
0.04769358038902283,0.011945962905883789,0.09147238731384277
0.05661262571811676,0.021284103393554688,0.09145879745483398
0.06541256606578827,0.030524730682373047,0.09144741296768188
0.07409593462944031,0.03961074352264404,0.09143096208572388
0.08263877034187317,0.04855525493621826,0.09141457080841064
0.09102460741996765,0.05735647678375244,0.0914003849029541
0.09925207495689392,0.06597816944122314,0.09138387441635132
0.10731074213981628,0.07441174983978271,0.09136515855789185
0.11518779397010803,0.08266186714172363,0.09134691953659058
0.12287488579750061,0.09072303771972656,0.0913286805152893
0.13036605715751648,0.09858739376068115,0.09131073951721191
0.13765767216682434,0.10624265670776367,0.09129244089126587
0.14474928379058838,0.1136711835861206,0.09127265214920044
0.1516321301460266,0.1208798885345459,0.0912519097328186
0.15830206871032715,0.1278681755065918,0.09123140573501587
0.1647557020187378,0.13463354110717773,0.09121155738830566
0.1709904670715332,0.14117538928985596,0.09119302034378052
0.1769925057888031,0.14748120307922363,0.09117388725280762
0.18229317665100098,0.1530299186706543,0.0911528468132019
0.1865173876285553,0.15746557712554932,0.09113270044326782
0.18960770964622498,0.16072356700897217,0.09111487865447998
0.1915876269340515,0.1628352403640747,0.09110152721405029
0.19226127862930298,0.16354942321777344,0.09108954668045044
0.19169536232948303,0.1631242036819458,0.09053367376327515
0.1904432773590088,0.16189980506896973,0.09033626317977905
0.18822458386421204,0.1596914529800415,0.09029000997543335
0.1849130392074585,0.15629029273986816,0.09028559923171997
0.18039476871490479,0.15160465240478516,0.09029775857925415
0.17493757605552673,0.14594817161560059,0.09031957387924194
0.16899871826171875,0.1398167610168457,0.09034997224807739
0.1627444624900818,0.13337981700897217,0.09038633108139038
0.15623629093170166,0.12669527530670166,0.09042757749557495
0.1495000422000885,0.11978840827941895,0.09047085046768188
0.14255249500274658,0.11264669895172119,0.09051382541656494
0.1353970468044281,0.10528600215911865,0.0905577540397644
0.1280352771282196,0.09772670269012451,0.09060406684875488
0.12047109007835388,0.08997440338134766,0.0906515121459961
0.11272144317626953,0.08200609683990479,0.09069746732711792
0.1047830879688263,0.07385885715484619,0.09074598550796509
0.0966673195362091,0.0655285120010376,0.0907943844795227
0.08838379383087158,0.0570218563079834,0.09084302186965942
0.07993853092193604,0.04836106300354004,0.09089398384094238
0.07134833931922913,0.039539337158203125,0.09094250202178955
0.06261938810348511,0.030588507652282715,0.09099322557449341
0.053772300481796265,0.021506905555725098,0.09104293584823608
0.044817760586738586,0.012320637702941895,0.09109407663345337
0.03577180206775665,0.003045201301574707,0.0911450982093811
0.026657626032829285,-0.006308913230895996,0.09119480848312378
0.01747937500476837,-0.01570439338684082,0.09124785661697388
0.008276104927062988,-0.025153636932373047,0.09129637479782104
-0.0009520053863525391,-0.034612178802490234,0.0913466215133667
-0.010182410478591919,-0.044072747230529785,0.09139543771743774
-0.019394472241401672,-0.05350995063781738,0.0914427638053894
-0.028586551547050476,-0.06290030479431152,0.09149271249771118
-0.03772568702697754,-0.07226336002349854,0.09153825044631958
-0.04682588577270508,-0.08156955242156982,0.09158569574356079
-0.055862657725811005,-0.09082663059234619,0.09163016080856323
-0.06484536081552505,-0.10002076625823975,0.09167462587356567
-0.07317718118429184,-0.10857629776000977,0.09171861410140991
-0.08009734749794006,-0.11562025547027588,0.09176057577133179
-0.08535149693489075,-0.12093877792358398,0.09179764986038208
-0.08887245506048203,-0.12447571754455566,0.09182757139205933
-0.0900823324918747,-0.12565851211547852,0.0918460488319397
-0.08945748209953308,-0.12566077709197998,0.09165942668914795
-0.08708151429891586,-0.1258450746536255,0.09160757064819336
-0.08261141180992126,-0.1262298822402954,0.09158861637115479
-0.07591814547777176,-0.12681102752685547,0.0915791392326355
-0.06691816449165344,-0.12759721279144287,0.09156525135040283
-0.05633021146059036,-0.12852108478546143,0.09155219793319702
-0.045168712735176086,-0.1294955015182495,0.09154361486434937
-0.03381472826004028,-0.13048553466796875,0.09153848886489868
-0.022417813539505005,-0.13148069381713867,0.09153026342391968
-0.01105394959449768,-0.13247156143188477,0.09152418375015259
0.00023348629474639893,-0.13345599174499512,0.09151548147201538
0.011414334177970886,-0.1344306468963623,0.09150856733322144
0.022462710738182068,-0.13539397716522217,0.09149843454360962
0.03336028754711151,-0.13634252548217773,0.09148907661437988
0.044090449810028076,-0.13727796077728271,0.09147602319717407
0.05464063584804535,-0.13819682598114014,0.09146350622177124
0.06499934196472168,-0.1390986442565918,0.09145039319992065
0.075156569480896,-0.1399836540222168,0.0914354920387268
0.08510413765907288,-0.14085102081298828,0.09141981601715088
0.09483444690704346,-0.14169800281524658,0.09140390157699585
0.10423016548156738,-0.14251577854156494,0.09138792753219604
0.11236026883125305,-0.1432199478149414,0.091372549533844
0.11877509951591492,-0.14377200603485107,0.09135586023330688
0.12338623404502869,-0.14416825771331787,0.09133821725845337
0.12620443105697632,-0.14440882205963135,0.09132188558578491
0.12735792994499207,-0.14450788497924805,0.09130734205245972
0.12663421034812927,-0.1441880464553833,0.09086322784423828
0.12479683756828308,-0.14324915409088135,0.09070605039596558
0.12150102853775024,-0.1415311098098755,0.09066718816757202
0.11657491326332092,-0.13894295692443848,0.0906628966331482
0.10989943146705627,-0.13542985916137695,0.09067392349243164
0.10192173719406128,-0.13123750686645508,0.09069699048995972
0.09334403276443481,-0.12673330307006836,0.09072810411453247
0.0844120979309082,-0.12205088138580322,0.09076803922653198
0.07521715760231018,-0.1172339916229248,0.09081250429153442
0.06579281389713287,-0.11229443550109863,0.09085714817047119
0.05615207552909851,-0.10724472999572754,0.09090423583984375
0.04630306363105774,-0.10208749771118164,0.09095293283462524
0.03625231981277466,-0.09681856632232666,0.09099966287612915
0.026003971695899963,-0.0914463996887207,0.0910460352897644
0.015563488006591797,-0.08597517013549805,0.09109395742416382
0.004939243197441101,-0.08040845394134521,0.09114223718643188
-0.005860000848770142,-0.07475066184997559,0.09119158983230591
-0.016821131110191345,-0.06900811195373535,0.09124046564102173
-0.027928724884986877,-0.0631861686706543,0.09128731489181519
-0.03915810585021973,-0.05729818344116211,0.09133446216583252
-0.050483621656894684,-0.05135941505432129,0.09138059616088867
-0.061867229640483856,-0.04539144039154053,0.09142619371414185
-0.07326144725084305,-0.039418697357177734,0.09147197008132935
-0.08460990339517593,-0.033471107482910156,0.09151655435562134
-0.09584712237119675,-0.027584075927734375,0.09156078100204468
-0.10690494626760483,-0.021793246269226074,0.09160441160202026
-0.1177196130156517,-0.01613330841064453,0.0916476845741272
-0.12815627455711365,-0.01067972183227539,0.09169411659240723
-0.13721728324890137,-0.005974769592285156,0.0917549729347229
-0.14437571167945862,-0.002280592918395996,0.09182435274124146
-0.14953456819057465,0.00037550926208496094,0.09188324213027954
-0.1527397185564041,0.0020101070404052734,0.091938316822052
-0.1540975272655487,0.002691030502319336,0.09197604656219482
-0.15355722606182098,0.0023804903030395508,0.0918540358543396
-0.15150922536849976,0.0013695955276489258,0.0918276309967041
-0.1476319283246994,-0.0004864931106567383,0.09181004762649536
-0.14176678657531738,-0.0032802820205688477,0.0917925238609314
-0.1337505280971527,-0.007080435752868652,0.09175914525985718
-0.1241103857755661,-0.011656880378723145,0.09172892570495605
-0.11369773000478745,-0.016614913940429688,0.09171146154403687
-0.10284031182527542,-0.021793842315673828,0.0916982889175415
-0.09169451147317886,-0.027118563652038574,0.09168827533721924
-0.08036032319068909,-0.03253912925720215,0.09168046712875366
-0.06891701370477676,-0.03801703453063965,0.09167331457138062
-0.05743134766817093,-0.04351842403411865,0.09166610240936279
-0.04596033692359924,-0.04901456832885742,0.09165841341018677
-0.034550100564956665,-0.05448257923126221,0.09164983034133911
-0.023237496614456177,-0.05990493297576904,0.09163933992385864
-0.012050598859786987,-0.06526696681976318,0.09162777662277222
-0.0010104477405548096,-0.07055878639221191,0.09161561727523804
0.0094815194606781,-0.07559478282928467,0.09160584211349487
0.01833169162273407,-0.07985329627990723,0.0915989875793457
0.02516980469226837,-0.08314657211303711,0.09158778190612793
0.029918760061264038,-0.08543574810028076,0.09157401323318481
0.0325809121131897,-0.08672058582305908,0.09156107902526855
0.033489927649497986,-0.08715903759002686,0.09154707193374634
0.032628610730171204,-0.08759927749633789,0.09124487638473511
0.0302342027425766,-0.08915960788726807,0.09114247560501099
0.025918543338775635,-0.09207808971405029,0.09111738204956055
0.019520431756973267,-0.09642350673675537,0.09111952781677246
0.010975748300552368,-0.10223400592803955,0.09113520383834839
0.0009570121765136719,-0.1090313196182251,0.09116262197494507
-0.00958983600139618,-0.11615550518035889,0.09119969606399536
-0.020319372415542603,-0.12338113784790039,0.09124380350112915
-0.031098440289497375,-0.13063108921051025,0.09129190444946289
-0.04187174141407013,-0.1378699541091919,0.09134030342102051
-0.052606016397476196,-0.14508068561553955,0.09138888120651245
-0.06327757984399796,-0.15223681926727295,0.09143692255020142
-0.07387783378362656,-0.15934324264526367,0.09148460626602173
-0.08439972251653671,-0.16639816761016846,0.09153139591217041
-0.09483719617128372,-0.1733994483947754,0.09157711267471313
-0.10518909990787506,-0.18034708499908447,0.0916215181350708
-0.11543108522891998,-0.18722212314605713,0.09166520833969116
-0.12469978630542755,-0.19344258308410645,0.0917094349861145
-0.1322576403617859,-0.19847750663757324,0.09174984693527222
-0.13788405060768127,-0.20220398902893066,0.09178465604782104
-0.14151713252067566,-0.204598069190979,0.09181106090545654
-0.14317159354686737,-0.20567190647125244,0.09182840585708618
-0.1428103893995285,-0.20467603206634521,0.09165334701538086
-0.14137983322143555,-0.20156431198120117,0.09159493446350098
-0.13871237635612488,-0.19594359397888184,0.0915784239768982
-0.13477292656898499,-0.1877739429473877,0.09157651662826538
-0.12961941957473755,-0.1770991086959839,0.09158158302307129
-0.12364955246448517,-0.16478896141052246,0.09158951044082642
-0.11748509109020233,-0.15196633338928223,0.09159857034683228
-0.11130373179912567,-0.13912808895111084,0.09160608053207397
-0.10519333928823471,-0.1263653039932251,0.09161335229873657
-0.09913336485624313,-0.11374497413635254,0.0916185975074768
-0.09314373135566711,-0.10123443603515625,0.09162384271621704
-0.08719909191131592,-0.08883428573608398,0.09162789583206177
-0.08129708468914032,-0.07651686668395996,0.09163087606430054
-0.0754312202334404,-0.06425619125366211,0.09163409471511841
-0.06957559287548065,-0.05204916000366211,0.09163510799407959
-0.06374627351760864,-0.03985393047332764,0.09163719415664673
-0.05790556222200394,-0.02767646312713623,0.09163624048233032
-0.05206841975450516,-0.015485882759094238,0.09163552522659302
-0.04622417688369751,-0.0032739639282226562,0.09163421392440796
-0.04035957157611847,0.008962392807006836,0.09163123369216919
-0.03449659049510956,0.021244049072265625,0.09162968397140503
-0.02859438955783844,0.033548712730407715,0.09162437915802002
-0.02269071340560913,0.045895934104919434,0.09162050485610962
-0.0167665034532547,0.05826902389526367,0.09161442518234253
-0.010837286710739136,0.07066512107849121,0.09160786867141724
-0.004909425973892212,0.08307421207427979,0.09160155057907104
0.0010182112455368042,0.09548425674438477,0.09159314632415771
0.006920427083969116,0.10786640644073486,0.0915871262550354
0.01282152533531189,0.12017560005187988,0.09157657623291016
0.018678054213523865,0.13242733478546143,0.09156805276870728
0.024499312043190002,0.14458131790161133,0.09155696630477905
0.03026740252971649,0.15662527084350586,0.09154480695724487
0.03596031665802002,0.16855132579803467,0.0915343165397644
0.041597023606300354,0.180306077003479,0.09151893854141235
0.04694274067878723,0.19148540496826172,0.09150499105453491
0.05143292248249054,0.20092475414276123,0.09149163961410522
0.05489242076873779,0.2082207202911377,0.09147685766220093
0.057286858558654785,0.2132868766784668,0.09146195650100708
0.05861802399158478,0.2161266803741455,0.09144920110702515
0.0590735524892807,0.21708905696868896,0.09143704175949097
0.05931966006755829,0.21566593647003174,0.09106558561325073
0.060610756278038025,0.21115350723266602,0.09093958139419556
0.06313887238502502,0.2028958797454834,0.09091264009475708
0.06689052283763885,0.19083619117736816,0.0909227728843689
0.07192040979862213,0.17473900318145752,0.09094899892807007
0.07782116532325745,0.1558361053466797,0.09098368883132935
0.08404305577278137,0.13581693172454834,0.09101623296737671
0.09032130241394043,0.1155080795288086,0.09104615449905396
0.09656834602355957,0.09520256519317627,0.09107238054275513
0.10275298357009888,0.07507920265197754,0.09109681844711304
0.10884350538253784,0.05526840686798096,0.09111863374710083
0.11481451988220215,0.03582966327667236,0.09113830327987671
0.12064802646636963,0.016817331314086914,0.09115535020828247
0.12632957100868225,-0.0017167329788208008,0.09116977453231812
0.13184860348701477,-0.01972973346710205,0.09118181467056274
0.13719549775123596,-0.03718996047973633,0.0911913514137268
0.14236310124397278,-0.0540769100189209,0.09119904041290283
0.14734554290771484,-0.07038164138793945,0.09120482206344604
0.15214169025421143,-0.0860978364944458,0.0912092924118042
0.15676221251487732,-0.10119378566741943,0.09121090173721313
0.16119295358657837,-0.11570930480957031,0.09121179580688477
0.16544502973556519,-0.12963128089904785,0.09121036529541016
0.1695134937763214,-0.14298319816589355,0.09120804071426392
0.17339754104614258,-0.15579617023468018,0.09120184183120728
0.17711251974105835,-0.16801345348358154,0.09119677543640137
0.18066787719726562,-0.1796407699584961,0.09119081497192383
0.18405881524085999,-0.19068944454193115,0.09118372201919556
0.1870136857032776,-0.20036780834197998,0.09117531776428223
0.18933609127998352,-0.2080519199371338,0.09116542339324951
0.19103270769119263,-0.2136232852935791,0.09115272760391235
0.19210952520370483,-0.2172161340713501,0.09114176034927368
0.1926099956035614,-0.21889138221740723,0.09113174676895142
0.19210350513458252,-0.21847319602966309,0.09054982662200928
0.1910184919834137,-0.21739494800567627,0.0903438925743103
0.18911054730415344,-0.21545565128326416,0.09029322862625122
0.18624922633171082,-0.21250319480895996,0.09029132127761841
0.18232417106628418,-0.2084444761276245,0.09031111001968384
0.17756018042564392,-0.20352494716644287,0.09034281969070435
0.17234906554222107,-0.19816625118255615,0.09038466215133667
0.16683685779571533,-0.19250118732452393,0.09043151140213013
0.1610754132270813,-0.1865859031677246,0.09048199653625488
0.15508437156677246,-0.18043899536132812,0.09053575992584229
0.1488698124885559,-0.17406606674194336,0.09059172868728638
0.14243754744529724,-0.16746950149536133,0.09064888954162598
0.13578900694847107,-0.160650372505188,0.09070760011672974
0.1289243996143341,-0.1536104679107666,0.09076768159866333
0.12184453010559082,-0.14635229110717773,0.09082990884780884
0.11455053091049194,-0.13887345790863037,0.0908934473991394
0.107044517993927,-0.13117146492004395,0.09095782041549683
0.0993230938911438,-0.12325441837310791,0.09102332592010498
0.0913899838924408,-0.11511623859405518,0.09109002351760864
0.0832439661026001,-0.10676288604736328,0.09115815162658691
0.07488681375980377,-0.09818756580352783,0.09122663736343384
0.06631669402122498,-0.08939814567565918,0.09129709005355835
0.057602494955062866,-0.08046078681945801,0.09136837720870972
0.049626484513282776,-0.07231950759887695,0.09143978357315063
0.0430278480052948,-0.06562626361846924,0.09151071310043335
0.03808815777301788,-0.06063878536224365,0.09157246351242065
0.03494039177894592,-0.05748414993286133,0.09162110090255737
0.03385034203529358,-0.05642414093017578,0.09165340662002563
0.034381747245788574,-0.05593609809875488,0.09136819839477539
0.036571815609931946,-0.0542682409286499,0.09128040075302124
0.04066398739814758,-0.0512089729309082,0.09126770496368408
0.04671818017959595,-0.04671013355255127,0.09128272533416748
0.05472207069396973,-0.04077553749084473,0.09130901098251343
0.06396861374378204,-0.033916354179382324,0.0913400650024414
0.07353517413139343,-0.026803016662597656,0.09137141704559326
0.08310213685035706,-0.019681811332702637,0.09139925241470337
0.09251627326011658,-0.012665987014770508,0.09142524003982544
0.10088518261909485,-0.006410837173461914,0.0914468765258789
0.10761338472366333,-0.0013666152954101562,0.09146016836166382
0.1125553548336029,0.0023423433303833008,0.09146445989608765
0.1156998872756958,0.004701972007751465,0.09146171808242798
0.11709994077682495,0.005750060081481934,0.09145325422286987
0.11645939946174622,0.0067969560623168945,0.0910596251487732
0.11489346623420715,0.010396122932434082,0.09093332290649414
0.11210396885871887,0.01710045337677002,0.09092628955841064
0.10794225335121155,0.027070283889770508,0.09096962213516235
0.10232099890708923,0.040528059005737305,0.09104877710342407
0.09552818536758423,0.056842923164367676,0.09115272760391235
0.08900672197341919,0.07248258590698242,0.09125810861587524
0.0834929347038269,0.0856097936630249,0.09135371446609497
0.07931742072105408,0.09544157981872559,0.09143251180648804
0.07661974430084229,0.10171568393707275,0.09148651361465454
0.0754164457321167,0.10445559024810791,0.09151577949523926
0.07463210821151733,0.104156494140625,0.09116703271865845
0.07244507968425751,0.10342669486999512,0.0910487174987793
0.06847478449344635,0.10214173793792725,0.09101730585098267
0.06255891919136047,0.1002190113067627,0.09101027250289917
0.05459332466125488,0.09762799739837646,0.09101611375808716
0.045155689120292664,0.09456062316894531,0.09102791547775269
0.03510381281375885,0.09130322933197021,0.09105312824249268
0.024754956364631653,0.08794999122619629,0.09108185768127441
0.014226570725440979,0.08454322814941406,0.0911177396774292
0.003576129674911499,0.08109831809997559,0.09115511178970337
-0.007153898477554321,0.07762718200683594,0.0911901593208313
-0.017933323979377747,0.07414281368255615,0.09122872352600098
-0.028719738125801086,0.07065486907958984,0.09126561880111694
-0.0394708514213562,0.06717896461486816,0.09129995107650757
-0.05014866590499878,0.0637274980545044,0.0913400650024414
-0.06069127470254898,0.06031966209411621,0.09137284755706787
-0.07105566561222076,0.05697000026702881,0.09140819311141968
-0.08119125664234161,0.05369412899017334,0.09144407510757446
-0.09104976803064346,0.05050790309906006,0.09147799015045166
-0.10059738904237747,0.04742145538330078,0.09151202440261841
-0.10981543362140656,0.044441819190979004,0.09155052900314331
-0.11866763979196548,0.041579365730285645,0.09157854318618774
-0.12717419862747192,0.038829684257507324,0.091610848903656
-0.13534872233867645,0.036188721656799316,0.09164869785308838
-0.14319539070129395,0.033652424812316895,0.09168034791946411
-0.1507469266653061,0.031209945678710938,0.09170478582382202
-0.15804854035377502,0.028848886489868164,0.09172797203063965
-0.1651439368724823,0.026554584503173828,0.09175169467926025
-0.172079935669899,0.02431201934814453,0.09177416563034058
-0.1789044886827469,0.02210533618927002,0.09179550409317017
-0.18566861748695374,0.019918203353881836,0.091816246509552
-0.19242294132709503,0.017733454704284668,0.09183520078659058
-0.1992182582616806,0.01553487777709961,0.09185314178466797
-0.2061023712158203,0.013306975364685059,0.09187102317810059
-0.21312160789966583,0.011035561561584473,0.09188860654830933
-0.22031629085540771,0.008709430694580078,0.0919082760810852
-0.22735178470611572,0.006440281867980957,0.09193253517150879
-0.23346461355686188,0.0044765472412109375,0.09196150302886963
-0.2383008748292923,0.0029315948486328125,0.09199315309524536
-0.24167385697364807,0.0018768310546875,0.09203308820724487
-0.24349427223205566,0.0013246536254882812,0.09206926822662354
-0.24412542581558228,0.0011382102966308594,0.09208965301513672
-0.24369069933891296,0.0014344453811645508,0.09202772378921509
-0.24207133054733276,0.002390742301940918,0.09201598167419434
-0.2390703558921814,0.004198312759399414,0.0920524001121521
-0.23476816713809967,0.006632685661315918,0.09204679727554321
-0.2291981279850006,0.009759783744812012,0.09202927350997925
-0.22289159893989563,0.013310670852661133,0.09201163053512573
-0.2164802849292755,0.01694166660308838,0.09200018644332886
-0.21015967428684235,0.020534396171569824,0.09199327230453491
-0.2039734572172165,0.024059295654296875,0.09199029207229614
-0.19791316986083984,0.02751743793487549,0.0919918417930603
-0.19195346534252167,0.03091907501220703,0.09199768304824829
-0.18606725335121155,0.03426027297973633,0.09198468923568726
-0.18020164966583252,0.037587642669677734,0.0919676423072815
-0.17431378364562988,0.04093003273010254,0.09195244312286377
-0.1683635264635086,0.044310688972473145,0.09194064140319824
-0.1623118668794632,0.04775106906890869,0.09193122386932373
-0.1561182588338852,0.05127227306365967,0.09192252159118652
-0.14974255859851837,0.05489635467529297,0.09191256761550903
-0.14314647018909454,0.05864560604095459,0.0918998122215271
-0.13629533350467682,0.0625385046005249,0.09188336133956909
-0.12916189432144165,0.06659114360809326,0.09186404943466187
-0.12172670662403107,0.07081449031829834,0.09184294939041138
-0.11397954821586609,0.07521450519561768,0.09182155132293701
-0.10592073947191238,0.07979261875152588,0.09180235862731934
-0.09755975008010864,0.08454442024230957,0.09178793430328369
-0.08890406787395477,0.08946430683135986,0.09177464246749878
-0.07995932549238205,0.09454345703125,0.09175223112106323
-0.07078046351671219,0.09975767135620117,0.09173375368118286
-0.06140223890542984,0.10508692264556885,0.09171897172927856
-0.051850564777851105,0.11051023006439209,0.09169715642929077
-0.042186811566352844,0.11600148677825928,0.09168106317520142
-0.03243805468082428,0.12153768539428711,0.0916600227355957
-0.02265201508998871,0.1270967721939087,0.09163957834243774
-0.012865602970123291,0.1326580047607422,0.09162074327468872
-0.003104269504547119,0.1382002830505371,0.09159749746322632
0.006593391299247742,0.14371395111083984,0.0915784239768982
0.01621297001838684,0.14917635917663574,0.09155350923538208
0.02572748064994812,0.15458083152770996,0.09152966737747192
0.03511713445186615,0.15991997718811035,0.09150832891464233
0.04437325894832611,0.165175199508667,0.09148138761520386
0.05347755551338196,0.17034673690795898,0.09145504236221313
0.06241735816001892,0.1754307746887207,0.09143120050430298
0.07117004692554474,0.18040239810943604,0.0914040207862854
0.07899343967437744,0.1848515272140503,0.09137898683547974
0.08530625700950623,0.18845224380493164,0.09135586023330688
0.08997470140457153,0.1911085844039917,0.09133118391036987
0.09298127889633179,0.1928269863128662,0.09131109714508057
0.09436595439910889,0.19361937046051025,0.09129446744918823
0.0948842465877533,0.19330227375030518,0.09090203046798706
0.09715908765792847,0.19244349002838135,0.09080058336257935
0.10140809416770935,0.19092512130737305,0.09083884954452515
0.10762965679168701,0.18872487545013428,0.09094208478927612
0.11533287167549133,0.18600821495056152,0.09107893705368042
0.12235388159751892,0.18351972103118896,0.09120297431945801
0.12777674198150635,0.1815929412841797,0.09129089117050171
0.1313616931438446,0.18031883239746094,0.09134197235107422
0.13258031010627747,0.17988991737365723,0.09134876728057861
0.13187110424041748,0.1796320676803589,0.09089106321334839
0.1301019787788391,0.17886030673980713,0.09073090553283691
0.12693527340888977,0.1774388551712036,0.09068971872329712
0.122202068567276,0.17530250549316406,0.09068769216537476
0.11578664183616638,0.17240428924560547,0.09070372581481934
0.10812047123908997,0.1689450740814209,0.09073066711425781
0.09987771511077881,0.1652299165725708,0.09076601266860962
0.09130135178565979,0.16136956214904785,0.09080934524536133
0.08247733116149902,0.1574019193649292,0.0908551812171936
0.0734449177980423,0.1533423662185669,0.0909034013748169
0.06422196328639984,0.14919745922088623,0.09095269441604614
0.05482058227062225,0.14497315883636475,0.09100282192230225
0.045252785086631775,0.14067447185516357,0.09105265140533447
0.035530224442481995,0.13630688190460205,0.09110242128372192
0.025669202208518982,0.13187670707702637,0.09115368127822876
0.01568414270877838,0.12739217281341553,0.09120452404022217
0.005595371127128601,0.12286162376403809,0.09125608205795288
-0.004571989178657532,0.11829471588134766,0.09130549430847168
-0.014790937304496765,0.11370480060577393,0.09135383367538452
-0.025030061602592468,0.10910665988922119,0.09140241146087646
-0.03525431454181671,0.10451638698577881,0.09145110845565796
-0.04542110860347748,0.0999528169631958,0.09150010347366333
-0.05548534542322159,0.09543609619140625,0.09154951572418213
-0.06539935618638992,0.09098756313323975,0.09159845113754272
-0.07498402893543243,0.08668661117553711,0.09164685010910034
-0.08325178921222687,0.08297944068908691,0.09169882535934448
-0.08975622802972794,0.08006727695465088,0.09175854921340942
-0.09440312534570694,0.07798874378204346,0.09181088209152222
-0.09722357988357544,0.07673001289367676,0.09185630083084106
-0.09819108992815018,0.07630252838134766,0.09188538789749146
-0.09748978912830353,0.07560503482818604,0.09172123670578003
-0.09486931562423706,0.07330620288848877,0.09167855978012085
-0.0899970605969429,0.0691598653793335,0.09166675806045532
-0.0827876478433609,0.06309473514556885,0.09165358543395996
-0.07324869930744171,0.05508136749267578,0.09163665771484375
-0.06221172958612442,0.04580068588256836,0.09161853790283203
-0.05076495558023453,0.036139845848083496,0.09161430597305298
-0.039313092827796936,0.026441335678100586,0.09160417318344116
-0.027976587414741516,0.016835927963256836,0.09159499406814575
-0.016811490058898926,0.0073729753494262695,0.09158462285995483
-0.00584062933921814,-0.0019282102584838867,0.09157389402389526
0.0049235522747039795,-0.011058926582336426,0.09156233072280884
0.015476465225219727,-0.020016074180603027,0.0915524959564209
0.025812610983848572,-0.028793692588806152,0.09154176712036133
0.03593325614929199,-0.037371039390563965,0.0915268063545227
0.04583360254764557,-0.04576766490936279,0.09151172637939453
0.05551162362098694,-0.05398392677307129,0.09149736166000366
0.06497141718864441,-0.061998605728149414,0.09147924184799194
0.07420654594898224,-0.06983840465545654,0.09146302938461304
0.08322250843048096,-0.07747530937194824,0.0914430022239685
0.09201407432556152,-0.08493757247924805,0.0914267897605896
0.10058465600013733,-0.09219372272491455,0.09140580892562866
0.10892799496650696,-0.09927082061767578,0.09138602018356323
0.11704787611961365,-0.10615193843841553,0.09136456251144409
0.1249428391456604,-0.1128392219543457,0.09134167432785034
0.13261044025421143,-0.11934232711791992,0.0913204550743103
0.14005017280578613,-0.125654935836792,0.09129863977432251
0.14726528525352478,-0.13176381587982178,0.09127563238143921
0.1542513370513916,-0.13767945766448975,0.09125298261642456
0.16100671887397766,-0.14340245723724365,0.09123021364212036
0.16753152012825012,-0.1489318609237671,0.09120821952819824
0.17381444573402405,-0.15425753593444824,0.09118545055389404
0.17936629056930542,-0.15896713733673096,0.09116321802139282
0.1837959885597229,-0.16273510456085205,0.09114176034927368
0.18704435229301453,-0.16549324989318848,0.09112054109573364
0.18913385272026062,-0.16727709770202637,0.09110373258590698
0.1901102066040039,-0.16810941696166992,0.09109026193618774
0.18964090943336487,-0.1673825979232788,0.09054070711135864
0.1886984407901764,-0.16516387462615967,0.09034579992294312
0.18706238269805908,-0.16106855869293213,0.09029781818389893
0.18462812900543213,-0.154799222946167,0.09029698371887207
0.18129336833953857,-0.14616799354553223,0.09031838178634644
0.1772373616695404,-0.13569903373718262,0.0903518795967102
0.17277976870536804,-0.1242913007736206,0.09039455652236938
0.16804179549217224,-0.11227655410766602,0.09044152498245239
0.163074791431427,-0.09967982769012451,0.09049314260482788
0.15789544582366943,-0.08653295040130615,0.09054780006408691
0.1525048017501831,-0.072845458984375,0.09060412645339966
0.14690521359443665,-0.05861949920654297,0.09066349267959595
0.1410951316356659,-0.04385673999786377,0.0907244086265564
0.13507407903671265,-0.028562426567077637,0.09078633785247803
0.12884613871574402,-0.01273965835571289,0.09085053205490112
0.12242057919502258,0.0036134719848632812,0.0909152626991272
0.11579465866088867,0.02046036720275879,0.09098154306411743
0.10898628830909729,0.037789344787597656,0.09104907512664795
0.10199987888336182,0.055557966232299805,0.09111684560775757
0.09486091136932373,0.07373631000518799,0.09118539094924927
0.08757856488227844,0.09226250648498535,0.09125453233718872
0.08018365502357483,0.11108899116516113,0.09132355451583862
0.0728069394826889,0.12986671924591064,0.09139174222946167
0.06619922816753387,0.14659452438354492,0.09145146608352661
0.06082558631896973,0.16010069847106934,0.09150069952011108
0.05691412091255188,0.16985511779785156,0.09153920412063599
0.054528698325157166,0.17573416233062744,0.09156423807144165
0.053705766797065735,0.17770648002624512,0.09157592058181763
0.05352166295051575,0.17882609367370605,0.09127193689346313
0.053327128291130066,0.1828749179840088,0.09128075838088989
0.05312339961528778,0.18810665607452393,0.0914108157157898
0.05299641191959381,0.19129085540771484,0.091499924659729
0.05295488238334656,0.19235765933990479,0.09152728319168091
0.053379207849502563,0.19262802600860596,0.09118133783340454
0.055253684520721436,0.19377422332763672,0.0910724401473999
0.05876445770263672,0.19591522216796875,0.0910603404045105
0.06393502652645111,0.1990591287612915,0.09108299016952515
0.07072363793849945,0.20318281650543213,0.0911208987236023
0.07850328087806702,0.20790839195251465,0.09116464853286743
0.086485356092453,0.21276116371154785,0.09120750427246094
0.09440162777900696,0.21757638454437256,0.09124606847763062
0.10215172171592712,0.22229278087615967,0.09128141403198242
0.1091035008430481,0.22652816772460938,0.09131115674972534
0.11471667885780334,0.22995328903198242,0.09133100509643555
0.11887222528457642,0.2324908971786499,0.09133976697921753
0.12157270312309265,0.2341405153274536,0.09133964776992798
0.12285149097442627,0.23492085933685303,0.09133273363113403
0.12225118279457092,0.23442411422729492,0.09086167812347412
0.12081694602966309,0.23299133777618408,0.09069222211837769
0.11825162172317505,0.23040568828582764,0.09065121412277222
0.11443442106246948,0.22648906707763672,0.09064704179763794
0.10927295684814453,0.2211395502090454,0.0906568169593811
0.10310038924217224,0.21473681926727295,0.09067469835281372
0.09645271301269531,0.20785534381866455,0.09070032835006714
0.08952894806861877,0.20068955421447754,0.09073084592819214
0.08239927887916565,0.19331741333007812,0.09076523780822754
0.07509183883666992,0.18576908111572266,0.0908004641532898
0.06762439012527466,0.17805969715118408,0.09083735942840576
0.060007691383361816,0.17020094394683838,0.09087532758712769
0.05225543677806854,0.16219830513000488,0.09091228246688843
0.044380009174346924,0.1540616750717163,0.09094804525375366
0.036392197012901306,0.14580798149108887,0.09098309278488159
0.02830497920513153,0.13745319843292236,0.09101837873458862
0.020133286714553833,0.1290149688720703,0.09105372428894043
0.011893212795257568,0.12051117420196533,0.09108918905258179
0.003605291247367859,0.11196291446685791,0.09112697839736938
-0.004711121320724487,0.10339128971099854,0.09116560220718384
-0.013035118579864502,0.09481942653656006,0.0912051796913147
-0.021342337131500244,0.08626961708068848,0.09124535322189331
-0.02959306538105011,0.07775843143463135,0.09127885103225708
-0.0377742201089859,0.06931650638580322,0.09131109714508057
-0.045867085456848145,0.06096827983856201,0.0913429856300354
-0.05385249853134155,0.052735090255737305,0.0913744568824768
-0.06171216070652008,0.04463529586791992,0.09140628576278687
-0.06943083554506302,0.036682724952697754,0.09143787622451782
-0.07699760794639587,0.02888929843902588,0.09146875143051147
-0.08440408110618591,0.021260976791381836,0.09149903059005737
-0.09164748340845108,0.013802528381347656,0.09152829647064209
-0.09872880578041077,0.0065125226974487305,0.0915570855140686
-0.10565252602100372,-0.0006122589111328125,0.09158605337142944
-0.11242656409740448,-0.007579445838928223,0.09161531925201416
-0.11906227469444275,-0.014397501945495605,0.09164625406265259
-0.12556158006191254,-0.021083831787109375,0.09167253971099854
-0.13193443417549133,-0.027659177780151367,0.09169107675552368
-0.13821206986904144,-0.03413832187652588,0.09170812368392944
-0.14441660046577454,-0.04053616523742676,0.09172660112380981
-0.15056906640529633,-0.04686915874481201,0.09174787998199463
-0.15668857097625732,-0.05315542221069336,0.09177243709564209
-0.16279281675815582,-0.05943179130554199,0.09179341793060303
-0.16890549659729004,-0.06574606895446777,0.09180641174316406
-0.17505818605422974,-0.07210087776184082,0.0918189287185669
-0.18127259612083435,-0.07851314544677734,0.09183388948440552
-0.18757252395153046,-0.08500361442565918,0.09185069799423218
-0.1939784437417984,-0.0915905237197876,0.09186851978302002
-0.20051182806491852,-0.09829986095428467,0.09188687801361084
-0.20719465613365173,-0.10517919063568115,0.09190315008163452
-0.21404029428958893,-0.11224842071533203,0.0919184684753418
-0.22100330889225006,-0.11944293975830078,0.09193462133407593
-0.22737692296504974,-0.12602508068084717,0.09195214509963989
-0.23263704776763916,-0.13140356540679932,0.09197044372558594
-0.23656800389289856,-0.1353973150253296,0.09198582172393799
-0.23906353116035461,-0.13788557052612305,0.09199875593185425
-0.240130215883255,-0.13892972469329834,0.0920073390007019
-0.23986884951591492,-0.13806557655334473,0.09191936254501343
-0.23885752260684967,-0.13536334037780762,0.09189051389694214
-0.23695269227027893,-0.1304854154586792,0.09188228845596313
-0.23413130640983582,-0.12334549427032471,0.09188061952590942
-0.23042415082454681,-0.11405432224273682,0.09188294410705566
-0.2261810153722763,-0.10338425636291504,0.09188657999038696
-0.2218305766582489,-0.0923546552658081,0.09189051389694214
-0.21752284467220306,-0.08139753341674805,0.09189331531524658
-0.21330907940864563,-0.07066500186920166,0.09189528226852417
-0.20921911299228668,-0.060195088386535645,0.091896653175354
-0.20524680614471436,-0.050057053565979004,0.09189647436141968
-0.20140919089317322,-0.04022574424743652,0.09189587831497192
-0.19769784808158875,-0.030741095542907715,0.09189373254776001
-0.19411978125572205,-0.021553874015808105,0.0918927788734436
-0.19065913558006287,-0.012699246406555176,0.09188926219940186
-0.18731288611888885,-0.004131197929382324,0.09188592433929443
-0.1840732842683792,0.004189729690551758,0.09188401699066162
-0.18092569708824158,0.012261152267456055,0.09188169240951538
-0.17785413563251495,0.02010822296142578,0.09187740087509155
-0.17484934628009796,0.027785301208496094,0.0918726921081543
-0.17189829051494598,0.03532850742340088,0.09186899662017822
-0.16898804903030396,0.04277324676513672,0.09186667203903198
-0.16610746085643768,0.05015087127685547,0.0918654203414917
-0.16323870420455933,0.05748796463012695,0.09186321496963501
-0.1603655368089676,0.06481528282165527,0.0918571949005127
-0.1574816256761551,0.07216799259185791,0.09184980392456055
-0.1545771062374115,0.0795753002166748,0.0918431282043457
-0.15164302289485931,0.08706271648406982,0.09183770418167114
-0.14867165684700012,0.09465301036834717,0.09183412790298462
-0.14565224945545197,0.10236847400665283,0.09183061122894287
-0.14256420731544495,0.11023104190826416,0.09182149171829224
-0.13941195607185364,0.11825919151306152,0.0918123722076416
-0.13619555532932281,0.12646698951721191,0.09180694818496704
-0.1328999102115631,0.13487350940704346,0.0918000340461731
-0.12951414287090302,0.14349353313446045,0.0917893648147583
-0.12608100473880768,0.15225815773010254,0.09178322553634644
-0.12295444309711456,0.16026771068572998,0.09178262948989868
-0.12037929892539978,0.16688203811645508,0.09178471565246582
-0.1184501051902771,0.17182540893554688,0.09178179502487183
-0.11723999679088593,0.17495489120483398,0.0917825698852539
-0.1168280690908432,0.17602276802062988,0.09178012609481812
-0.11661684513092041,0.1750471591949463,0.09160882234573364
-0.11560294032096863,0.17200303077697754,0.09155327081680298
-0.11365687847137451,0.16641688346862793,0.09154480695724487
-0.11073732376098633,0.15810680389404297,0.0915566086769104
-0.10681824386119843,0.1469860076904297,0.09157818555831909
-0.10214629769325256,0.13373279571533203,0.09160506725311279
-0.09715054929256439,0.11948692798614502,0.0916324257850647
-0.09198000282049179,0.10470128059387207,0.09165948629379272
-0.0866808146238327,0.0895223617553711,0.09168606996536255
-0.08126749098300934,0.07400870323181152,0.09171158075332642
-0.07575490325689316,0.05819880962371826,0.09173649549484253
-0.07056953758001328,0.04318559169769287,0.09175664186477661
-0.06624063849449158,0.030440807342529297,0.09177088737487793
-0.06295183300971985,0.020707011222839355,0.09177839756011963
-0.06075392663478851,0.014183878898620605,0.09178072214126587
-0.059671156108379364,0.010935544967651367,0.09177815914154053
-0.05914916843175888,0.01119375228881836,0.091586172580719
-0.057015977799892426,0.011937379837036133,0.09152990579605103
-0.052958905696868896,0.013272762298583984,0.0915115475654602
-0.046864479780197144,0.015270352363586426,0.09150433540344238
-0.038638532161712646,0.01795947551727295,0.091494619846344
-0.028923988342285156,0.021136164665222168,0.09148895740509033
-0.01864244043827057,0.024497628211975098,0.09148502349853516
-0.008143886923789978,0.027931690216064453,0.09148448705673218
0.002426847815513611,0.031392693519592285,0.09148246049880981
0.01300404965877533,0.03485405445098877,0.09147971868515015
0.02353830635547638,0.03830373287200928,0.09147679805755615
0.03399868309497833,0.04172837734222412,0.09147286415100098
0.04435814917087555,0.0451200008392334,0.09146773815155029
0.054594263434410095,0.04847300052642822,0.09146225452423096
0.06468985974788666,0.05177795886993408,0.09145468473434448
0.07462932169437408,0.055033326148986816,0.09144806861877441
0.0843968391418457,0.05823206901550293,0.09143733978271484
0.09398359060287476,0.061371684074401855,0.0914267897605896
0.10337832570075989,0.06445074081420898,0.09141594171524048
0.11250990629196167,0.06744134426116943,0.09140366315841675
0.1205093264579773,0.07006847858428955,0.09139150381088257
0.1268797218799591,0.07216143608093262,0.09137648344039917
0.13150924444198608,0.07368528842926025,0.09135860204696655
0.13440319895744324,0.07463967800140381,0.09134167432785034
0.135390043258667,0.07496392726898193,0.09132581949234009
0.13573724031448364,0.07388973236083984,0.0909116268157959
0.13747888803482056,0.07041037082672119,0.0907939076423645
0.14075681567192078,0.06411755084991455,0.09080970287322998
0.14554601907730103,0.055047035217285156,0.09088373184204102
0.1517602503299713,0.04337430000305176,0.09099078178405762
0.15867361426353455,0.03028738498687744,0.09110826253890991
0.1647215485572815,0.01854407787322998,0.0912027359008789
0.16943714022636414,0.009407877922058105,0.09126824140548706
0.17275527119636536,0.002984285354614258,0.09130829572677612
0.1747015416622162,-0.0007780790328979492,0.09132492542266846
0.17544519901275635,-0.0022057294845581055,0.09132343530654907
0.17488950490951538,-0.0033164024353027344,0.09084516763687134
0.17363908886909485,-0.007200479507446289,0.09068906307220459
0.17143824696540833,-0.014479637145996094,0.0906718373298645
0.16815146803855896,-0.025333404541015625,0.09071224927902222
0.1636788249015808,-0.040130019187927246,0.09078353643417358
0.15829843282699585,-0.05794405937194824,0.09087669849395752
0.15245231986045837,-0.07729732990264893,0.0909796953201294
0.1463278830051422,-0.09751617908477783,0.09108704328536987
0.14029836654663086,-0.11738729476928711,0.09118831157684326
0.13505524396896362,-0.13450324535369873,0.09127390384674072
0.13090729713439941,-0.14792108535766602,0.09133738279342651
0.12805724143981934,-0.15704357624053955,0.09137952327728271
0.12654373049736023,-0.16182661056518555,0.09140151739120483
0.126022607088089,-0.16343939304351807,0.09140855073928833
0.12617281079292297,-0.1618419885635376,0.09098273515701294
0.12718018889427185,-0.15679442882537842,0.09086048603057861
0.12910759449005127,-0.14766478538513184,0.09087198972702026
0.13197532296180725,-0.13424813747406006,0.09094768762588501
0.13571372628211975,-0.11685359477996826,0.09106236696243286
0.13938921689987183,-0.09943652153015137,0.09117990732192993
0.14234158396720886,-0.08509278297424316,0.09127581119537354
0.14439907670021057,-0.07494866847991943,0.09134489297866821
0.14555010199546814,-0.06919968128204346,0.09138315916061401
0.1459536850452423,-0.06713712215423584,0.0913962721824646
0.14552265405654907,-0.06593286991119385,0.09096026420593262
0.14466217160224915,-0.06178450584411621,0.09081143140792847
0.14319896697998047,-0.05400693416595459,0.09077781438827515
0.14101123809814453,-0.04246962070465088,0.0907849669456482
0.13806366920471191,-0.026775717735290527,0.0908166766166687
0.1345413625240326,-0.008019089698791504,0.09086072444915771
0.1307418942451477,0.012241125106811523,0.09091395139694214
0.12678498029708862,0.03323245048522949,0.09097206592559814
0.12273946404457092,0.05465996265411377,0.09103167057037354
0.11863622069358826,0.0763556957244873,0.0910913348197937
0.11450409889221191,0.09819316864013672,0.09114986658096313
0.11036515235900879,0.12005937099456787,0.09120672941207886
0.10623341798782349,0.14185142517089844,0.09126102924346924
0.10213249921798706,0.16347455978393555,0.09131282567977905
0.09814053773880005,0.184373140335083,0.09136217832565308
0.0946500301361084,0.20227336883544922,0.09140002727508545
0.09186479449272156,0.21629023551940918,0.09142845869064331
0.08992737531661987,0.226029634475708,0.09144562482833862
0.08880510926246643,0.23161661624908447,0.09145289659500122
0.08838692307472229,0.23366773128509521,0.09145337343215942
0.08774814009666443,0.23317444324493408,0.09104305505752563
0.08606714010238647,0.23187613487243652,0.09089899063110352
0.0830240547657013,0.2295600175857544,0.09086531400680542
0.07850527763366699,0.22605478763580322,0.090859055519104
0.0724010020494461,0.22131145000457764,0.09086763858795166
0.06513325870037079,0.21566617488861084,0.09088319540023804
0.057349562644958496,0.2096308469772339,0.09090608358383179
0.04928208887577057,0.20338916778564453,0.09093683958053589
0.04101763665676117,0.19700944423675537,0.09097391366958618
0.032604143023490906,0.19050729274749756,0.09100931882858276
0.0240602046251297,0.18390488624572754,0.0910443663597107
0.015398368239402771,0.1772211790084839,0.09108376502990723
0.0066458433866500854,0.17046070098876953,0.09111970663070679
-0.00218142569065094,0.1636425256729126,0.09115499258041382
-0.011070415377616882,0.15678882598876953,0.09119600057601929
-0.019975468516349792,0.14990901947021484,0.0912289023399353
-0.02888435125350952,0.14303267002105713,0.09126514196395874
-0.03776805102825165,0.13618254661560059,0.09130352735519409
-0.0465758740901947,0.12938249111175537,0.09133493900299072
-0.05529165267944336,0.12265980243682861,0.0913705825805664
-0.06387719511985779,0.11604106426239014,0.09140896797180176
-0.07227867096662521,0.1095578670501709,0.09143847227096558
-0.08048208057880402,0.10322964191436768,0.09147053956985474
-0.08846680819988251,0.0970757007598877,0.09150594472885132
-0.09620834141969681,0.09111320972442627,0.09154504537582397
-0.10366681963205338,0.08536291122436523,0.09157568216323853
-0.11084377020597458,0.07982850074768066,0.09160357713699341
-0.1177411824464798,0.07450985908508301,0.09163171052932739
-0.12436534464359283,0.06940352916717529,0.0916600227355957
-0.13072343170642853,0.06450390815734863,0.09168928861618042
-0.13682910799980164,0.05980026721954346,0.09172123670578003
-0.1426956206560135,0.0552825927734375,0.0917540192604065
-0.14832405745983124,0.0509411096572876,0.09177297353744507
-0.15375249087810516,0.04675114154815674,0.0917884111404419
-0.15901373326778412,0.0426943302154541,0.09180605411529541
-0.16413255035877228,0.03875303268432617,0.09183251857757568
-0.16912999749183655,0.03491342067718506,0.09186774492263794
-0.17402666807174683,0.031133174896240234,0.09187561273574829
-0.17886564135551453,0.02739739418029785,0.09188491106033325
-0.18367430567741394,0.023697853088378906,0.09190589189529419
-0.1884799748659134,0.02000749111175537,0.09192979335784912
-0.19333498179912567,0.016254544258117676,0.0919312834739685
-0.19825862348079681,0.012450337409973145,0.09193593263626099
-0.2032739222049713,0.00858759880065918,0.09194958209991455
-0.2084108144044876,0.004647970199584961,0.09196996688842773
-0.21372489631175995,0.0005394220352172852,0.09197425842285156
-0.21880444884300232,-0.0033910274505615234,0.09198039770126343
-0.22312939167022705,-0.006699681282043457,0.09200412034988403
-0.22649294137954712,-0.009268522262573242,0.09202539920806885
-0.22875434160232544,-0.010959863662719727,0.09205418825149536
-0.2298620641231537,-0.0117722749710083,0.09207731485366821
-0.22958317399024963,-0.011299729347229004,0.09200769662857056
-0.2284853607416153,-0.009796977043151855,0.09198921918869019
-0.22646567225456238,-0.0070858001708984375,0.09198898077011108
-0.22352786362171173,-0.0032274723052978516,0.09198713302612305
-0.21972955763339996,0.0017224550247192383,0.09197849035263062
-0.2154456377029419,0.0073163509368896484,0.09196823835372925
-0.21111249923706055,0.01300501823425293,0.09196209907531738
-0.2068682312965393,0.018597960472106934,0.09195870161056519
-0.2027456909418106,0.02403891086578369,0.09195727109909058
-0.1987462341785431,0.029311537742614746,0.09195291996002197
-0.19485259056091309,0.034439682960510254,0.09194701910018921
-0.19104348123073578,0.03945612907409668,0.09194117784500122
-0.18729639053344727,0.04438972473144531,0.09193521738052368
-0.18358810245990753,0.04927206039428711,0.0919293761253357
-0.17989492416381836,0.05413234233856201,0.0919228196144104
-0.1761942058801651,0.05900275707244873,0.09191566705703735
-0.17246223986148834,0.063912034034729,0.09190744161605835
-0.16867764294147491,0.06888914108276367,0.09189802408218384
-0.1648196280002594,0.07396137714385986,0.09188783168792725
-0.16087105870246887,0.07915318012237549,0.09187662601470947
-0.15681329369544983,0.0844871997833252,0.09186536073684692
-0.15263144671916962,0.08998501300811768,0.09185522794723511
-0.14831295609474182,0.09566545486450195,0.09184730052947998
-0.14384210109710693,0.10154712200164795,0.09184044599533081
-0.13919149339199066,0.10765457153320312,0.09182530641555786
-0.1343671977519989,0.11399257183074951,0.09181243181228638
-0.1293652206659317,0.12057042121887207,0.09180426597595215
-0.12415630370378494,0.12741076946258545,0.09178823232650757
-0.11876493692398071,0.13450145721435547,0.09177982807159424
-0.11315823346376419,0.14186155796051025,0.09176260232925415
-0.10736574232578278,0.14947426319122314,0.09175008535385132
-0.10138022154569626,0.15733778476715088,0.0917356014251709
-0.09521228820085526,0.16543817520141602,0.09171938896179199
-0.08888378739356995,0.17375421524047852,0.09170478582382202
-0.08241187036037445,0.18226408958435059,0.09169209003448486
-0.07580512017011642,0.19094300270080566,0.09167510271072388
-0.06910761445760727,0.19974076747894287,0.09165757894515991
-0.06294268369674683,0.2078554630279541,0.09164732694625854
-0.05784735828638077,0.2145751714706421,0.09163886308670044
-0.054016128182411194,0.2196354866027832,0.09163028001785278
-0.05151940882205963,0.22293877601623535,0.09162193536758423
-0.05066774785518646,0.2240656614303589,0.09161216020584106
-0.05168530344963074,0.2241826057434082,0.09137195348739624
-0.05472681671380997,0.22484314441680908,0.09129148721694946
-0.060288384556770325,0.22612416744232178,0.09127622842788696
-0.06859319657087326,0.22805428504943848,0.09128648042678833
-0.07978415489196777,0.23066377639770508,0.09131133556365967
-0.09304297715425491,0.23374569416046143,0.09134882688522339
-0.1071535274386406,0.23699414730072021,0.09140181541442871
-0.12164562940597534,0.24030625820159912,0.09146648645401001
-0.13504859805107117,0.2433253526687622,0.09154254198074341
-0.14615491032600403,0.24577832221984863,0.09162557125091553
-0.15451887249946594,0.2475954294204712,0.09170132875442505
-0.15996871888637543,0.24875986576080322,0.09176141023635864
-0.16247397661209106,0.24927294254302979,0.09180229902267456
-0.1625862419605255,0.24851155281066895,0.09163898229598999
-0.1628262847661972,0.24622857570648193,0.09158951044082642
-0.16323256492614746,0.24212288856506348,0.09157353639602661
-0.1638101488351822,0.236128568649292,0.09156918525695801
-0.16455230116844177,0.22829222679138184,0.09156471490859985
-0.16541308164596558,0.2193150520324707,0.09156614542007446
-0.16631756722927094,0.21008718013763428,0.09157723188400269
-0.16721826791763306,0.20091140270233154,0.09158962965011597
-0.16811232268810272,0.19186949729919434,0.09160512685775757
-0.1689983308315277,0.18298065662384033,0.09162330627441406
-0.16986215114593506,0.17424166202545166,0.09163874387741089
-0.1707204133272171,0.16563618183135986,0.0916561484336853
-0.17156055569648743,0.15714621543884277,0.09167009592056274
-0.17239601910114288,0.14875125885009766,0.09168606996536255
-0.1732204556465149,0.1404271125793457,0.09169948101043701
-0.17404328286647797,0.1321502923965454,0.09171390533447266
-0.17486019432544708,0.12389230728149414,0.09172701835632324
-0.1756807416677475,0.11562728881835938,0.0917404294013977
-0.17650249600410461,0.10732126235961914,0.09175306558609009
-0.1773318499326706,0.09894311428070068,0.09176570177078247
-0.17817413806915283,0.09046590328216553,0.0917784571647644
-0.17902936041355133,0.08184301853179932,0.09179067611694336
-0.17990833520889282,0.07304799556732178,0.09180456399917603
-0.1807982474565506,0.06401407718658447,0.09181755781173706
-0.1817133128643036,0.05471694469451904,0.09183073043823242
-0.18265940248966217,0.04512202739715576,0.09184515476226807
-0.18363842368125916,0.03519082069396973,0.09185999631881714
-0.18464995920658112,0.024885177612304688,0.09187507629394531
-0.1856968104839325,0.014191746711730957,0.09189057350158691
-0.1867067813873291,0.003997206687927246,0.09190589189529419
-0.1875907927751541,-0.0046569108963012695,0.09191876649856567
-0.18828840553760529,-0.01130211353302002,0.09192842245101929
-0.1887655109167099,-0.01571953296661377,0.09193497896194458
-0.18894445896148682,-0.017220020294189453,0.09193766117095947
-0.18858273327350616,-0.01717674732208252,0.0918383002281189
-0.18712124228477478,-0.017162442207336426,0.09181338548660278
-0.18437959253787994,-0.017153143882751465,0.09184300899505615
-0.18032558262348175,-0.017168760299682617,0.09183621406555176
-0.17488548159599304,-0.017192602157592773,0.09181827306747437
-0.16842563450336456,-0.017216920852661133,0.09179764986038208
-0.16147303581237793,-0.017238974571228027,0.09177416563034058
-0.15418317914009094,-0.01725900173187256,0.09175652265548706
-0.14658525586128235,-0.01727879047393799,0.0917477011680603
-0.1386347860097885,-0.017297863960266113,0.09173387289047241
-0.1303110122680664,-0.017317771911621094,0.09172052145004272
-0.12159201502799988,-0.017339110374450684,0.0917101502418518
-0.11245695501565933,-0.01736140251159668,0.09169858694076538
-0.10290184617042542,-0.017385125160217285,0.09168517589569092
-0.09295691549777985,-0.017411112785339355,0.09167462587356567
-0.08264493197202682,-0.01743924617767334,0.09166568517684937
-0.07200239598751068,-0.017468571662902832,0.0916522741317749
-0.06109369546175003,-0.017499804496765137,0.0916394591331482
-0.04997929930686951,-0.017532944679260254,0.09162783622741699
-0.03872023522853851,-0.01756763458251953,0.09161651134490967
-0.027373895049095154,-0.017603754997253418,0.09160512685775757
-0.015993237495422363,-0.01764070987701416,0.09159356355667114
-0.004625082015991211,-0.017677783966064453,0.09158128499984741
0.006691187620162964,-0.017714738845825195,0.09156793355941772
0.01792314648628235,-0.01775181293487549,0.09155422449111938
0.02904316782951355,-0.017787694931030273,0.09153884649276733
0.04002979397773743,-0.01782357692718506,0.09152239561080933
0.05086152255535126,-0.01785862445831299,0.09150362014770508
0.061523616313934326,-0.01789271831512451,0.09148448705673218
0.07196022570133209,-0.017925500869750977,0.09146606922149658
0.08122524619102478,-0.01795363426208496,0.09144777059555054
0.08867496252059937,-0.017974853515625,0.09142965078353882
0.09414836764335632,-0.0179901123046875,0.09140998125076294
0.09763118624687195,-0.017998576164245605,0.09139245748519897
0.09918007254600525,-0.01800227165222168,0.09137660264968872
0.09847727417945862,-0.01714503765106201,0.09100812673568726
0.09667947888374329,-0.01427304744720459,0.09088557958602905
0.09345710277557373,-0.00893402099609375,0.09086990356445312
0.08864051103591919,-0.0009112358093261719,0.09089857339859009
0.08211562037467957,0.009855031967163086,0.09095197916030884
0.07432594895362854,0.0227125883102417,0.09102576971054077
0.06594918668270111,0.0365447998046875,0.09111404418945312
0.057241275906562805,0.05089879035949707,0.09121161699295044
0.04849998652935028,0.0652916431427002,0.0913124680519104
0.04072365164756775,0.0780876874923706,0.09140771627426147
0.03444942831993103,0.08835136890411377,0.09149271249771118
0.02991548180580139,0.0956873893737793,0.09155869483947754
0.027217566967010498,0.10000574588775635,0.09160357713699341
0.026182740926742554,0.1016232967376709,0.09162801504135132
0.025957584381103516,0.10042226314544678,0.09134584665298462
0.025594577193260193,0.09661257266998291,0.09125453233718872
0.0250110924243927,0.08962535858154297,0.0912368893623352
0.024154573678970337,0.07932019233703613,0.09125083684921265
0.023015648126602173,0.06558096408843994,0.09127944707870483
0.02168045938014984,0.049344420433044434,0.09131735563278198
0.020250588655471802,0.03209733963012695,0.09135907888412476
0.018768727779388428,0.014414668083190918,0.091403067111969
0.01725606620311737,-0.0035262107849121094,0.09144771099090576
0.015723228454589844,-0.021664977073669434,0.09149199724197388
0.014173686504364014,-0.03998005390167236,0.09153568744659424
0.012609660625457764,-0.05845773220062256,0.09157800674438477
0.011088401079177856,-0.07617330551147461,0.09161543846130371
0.00973290205001831,-0.0913081169128418,0.09164339303970337
0.008647605776786804,-0.10304737091064453,0.0916600227355957
0.007899463176727295,-0.11105668544769287,0.09166920185089111
0.007490232586860657,-0.11530280113220215,0.09167110919952393
0.0073461830615997314,-0.116752028465271,0.09166926145553589
0.00660860538482666,-0.1160815954208374,0.09139508008956909
0.004539236426353455,-0.11403357982635498,0.09130352735519409
0.0007905364036560059,-0.11025679111480713,0.09127539396286011
-0.004796013236045837,-0.10459589958190918,0.09126728773117065
-0.01231759786605835,-0.09693503379821777,0.09126096963882446
-0.021242588758468628,-0.08785867691040039,0.09126293659210205
-0.03077062964439392,-0.07820665836334229,0.09127753973007202
-0.04060740768909454,-0.06826615333557129,0.09130209684371948
-0.0506400540471077,-0.05814015865325928,0.09133106470108032
-0.060813531279563904,-0.04787850379943848,0.09136182069778442
-0.07109007984399796,-0.03751802444458008,0.09139293432235718
-0.08143153041601181,-0.027094721794128418,0.0914258360862732
-0.09180057793855667,-0.01664912700653076,0.09145861864089966
-0.10215264558792114,-0.006225943565368652,0.09149140119552612
-0.11244219541549683,0.004130125045776367,0.09152406454086304
-0.12262614071369171,0.014376401901245117,0.0915568470954895
-0.1326684206724167,0.024479031562805176,0.09158843755722046
-0.14254438877105713,0.034414052963256836,0.09161907434463501
-0.15224689245224,0.044173240661621094,0.0916476845741272
-0.1617816537618637,0.0537644624710083,0.09167534112930298
-0.17117202281951904,0.06320977210998535,0.09170252084732056
-0.18045198917388916,0.07254242897033691,0.09173041582107544
-0.1896636039018631,0.08180475234985352,0.09175866842269897
-0.19885313510894775,0.09104359149932861,0.0917884111404419
-0.2080642580986023,0.100319504737854,0.09181362390518188
-0.216970756649971,0.10928535461425781,0.09184032678604126
-0.2246382087469101,0.11694002151489258,0.09188371896743774
-0.23066863417625427,0.12293815612792969,0.09192532300949097
-0.23490089178085327,0.12713968753814697,0.0919572114944458
-0.2372671216726303,0.12945663928985596,0.09198421239852905
-0.23810823261737823,0.13026785850524902,0.09199994802474976
-0.23754705488681793,0.12974858283996582,0.0919153094291687
-0.23549245297908783,0.12811648845672607,0.09189730882644653
-0.2316971719264984,0.12509024143218994,0.09194070100784302
-0.22614887356758118,0.12082040309906006,0.09193485975265503
-0.21884594857692719,0.1152271032333374,0.09190970659255981
-0.21038435399532318,0.10874080657958984,0.09188371896743774
-0.20153255760669708,0.10193979740142822,0.09186810255050659
-0.1925106942653656,0.09499776363372803,0.09185713529586792
-0.1833471953868866,0.08794140815734863,0.09184789657592773
-0.17400667071342468,0.08074784278869629,0.09184384346008301
-0.16446292400360107,0.07339072227478027,0.0918349027633667
-0.15466594696044922,0.06583690643310547,0.09182912111282349
-0.14456963539123535,0.05808889865875244,0.0918084979057312
-0.13418738543987274,0.05012667179107666,0.0917854905128479
-0.12354344129562378,0.041951894760131836,0.09176760911941528
-0.11267489939928055,0.033580780029296875,0.09175807237625122
-0.10162092000246048,0.025060415267944336,0.0917510986328125
-0.09042320400476456,0.01646125316619873,0.09173202514648438
-0.07915979623794556,0.0077964067459106445,0.091716468334198
-0.06789145618677139,-0.0009026527404785156,0.09170973300933838
-0.05665531009435654,-0.00956118106842041,0.09169644117355347
-0.04549553990364075,-0.018148303031921387,0.0916786789894104
-0.034452974796295166,-0.026659369468688965,0.0916634202003479
-0.02355317771434784,-0.035079002380371094,0.09165263175964355
-0.012811526656150818,-0.043369293212890625,0.09163868427276611
-0.002240091562271118,-0.05150926113128662,0.09161800146102905
0.008146271109580994,-0.059508442878723145,0.09159630537033081
0.01834137737751007,-0.06736564636230469,0.09157699346542358
0.02833738923072815,-0.07507491111755371,0.0915570855140686
0.03813183307647705,-0.08263194561004639,0.0915374755859375
0.04772201180458069,-0.09003210067749023,0.09151721000671387
0.05710592865943909,-0.09727144241333008,0.09149569272994995
0.06628218293190002,-0.10434830188751221,0.0914732813835144
0.07524856925010681,-0.11126065254211426,0.0914488434791565
0.08400565385818481,-0.11800694465637207,0.09142500162124634
0.09254899621009827,-0.12458634376525879,0.09139889478683472
0.10087835788726807,-0.13099896907806396,0.09137195348739624
0.10899162292480469,-0.1372441053390503,0.09134453535079956
0.11688721179962158,-0.14332330226898193,0.09131711721420288
0.12456318736076355,-0.14923667907714844,0.0912904143333435
0.13201668858528137,-0.1549851894378662,0.09126430749893188
0.1392458975315094,-0.16057062149047852,0.09124022722244263
0.1462557017803192,-0.16597223281860352,0.09121376276016235
0.15304312109947205,-0.17119216918945312,0.09118622541427612
0.15960252285003662,-0.1762450933456421,0.09115999937057495
0.16592523455619812,-0.18113887310028076,0.09113651514053345
0.17202681303024292,-0.18583214282989502,0.09110921621322632
0.17789581418037415,-0.19035029411315918,0.09108299016952515
0.18329587578773499,-0.19453728199005127,0.09106141328811646
0.18773093819618225,-0.19794702529907227,0.09103637933731079
0.19107291102409363,-0.20052874088287354,0.0910143256187439
0.1933375597000122,-0.2022942304611206,0.09099715948104858
0.19457051157951355,-0.20325911045074463,0.090984046459198
0.19499188661575317,-0.20358502864837646,0.09097319841384888
0.19447362422943115,-0.20318245887756348,0.09039843082427979
0.19337186217308044,-0.20205259323120117,0.0901947021484375
0.1914287507534027,-0.20000922679901123,0.09014362096786499
0.1885215938091278,-0.19688069820404053,0.09013992547988892
0.1845434308052063,-0.192560076713562,0.09015434980392456
0.17971879243850708,-0.18731927871704102,0.09017908573150635
0.17444473505020142,-0.18160736560821533,0.09021168947219849
0.1688663363456726,-0.17557823657989502,0.09025019407272339
0.16303685307502747,-0.16928577423095703,0.09029203653335571
0.15697592496871948,-0.1627492904663086,0.09033721685409546
0.1506865918636322,-0.15597963333129883,0.09038418531417847
0.14418265223503113,-0.14896094799041748,0.09043055772781372
0.1374599039554596,-0.14170348644256592,0.09047752618789673
0.13051548600196838,-0.13422083854675293,0.0905272364616394
0.1233547031879425,-0.12649857997894287,0.09057772159576416
0.11597728729248047,-0.1185387372970581,0.09062856435775757
0.10837879776954651,-0.11035430431365967,0.0906820297241211
0.1005675196647644,-0.10192215442657471,0.09073466062545776
0.09253418445587158,-0.09326624870300293,0.09078866243362427
0.0842859148979187,-0.08436691761016846,0.09084302186965942
0.07581982016563416,-0.07523393630981445,0.09089833498001099
0.06713171303272247,-0.065879225730896,0.09095615148544312
0.0582306832075119,-0.05626952648162842,0.09101146459579468
0.04911185801029205,-0.04642689228057861,0.09106838703155518
0.039772436022758484,-0.03635692596435547,0.09112650156021118
0.03021492063999176,-0.026057720184326172,0.0911858081817627
0.02044321596622467,-0.015520930290222168,0.09124529361724854
0.010459363460540771,-0.004747152328491211,0.0913037657737732
0.0002651512622833252,0.006253957748413086,0.09136319160461426
-0.010134369134902954,0.01743471622467041,0.09142237901687622
-0.02073119580745697,0.02883601188659668,0.09148287773132324
-0.031515851616859436,0.04044485092163086,0.09154492616653442
-0.041663914918899536,0.051392316818237305,0.0916103720664978
-0.05020909011363983,0.060524582862854004,0.09167933464050293
-0.05675546079874039,0.06746625900268555,0.09174209833145142
-0.06114005297422409,0.07207965850830078,0.09179210662841797
-0.06329460442066193,0.07430386543273926,0.09182888269424438
-0.06255865842103958,0.07388389110565186,0.09164303541183472
-0.059823550283908844,0.07268786430358887,0.0915878415107727
-0.054757870733737946,0.07056033611297607,0.09157270193099976
-0.04726831614971161,0.06743693351745605,0.09156537055969238
-0.037361666560173035,0.06331276893615723,0.09155714511871338
-0.0259009450674057,0.058533430099487305,0.09155172109603882
-0.014023154973983765,0.053559184074401855,0.09155350923538208
-0.0021335333585739136,0.048566579818725586,0.09155541658401489
0.00962740182876587,0.04362034797668457,0.09155696630477905
0.021204859018325806,0.03874707221984863,0.09155851602554321
0.03257599472999573,0.03396260738372803,0.0915575623512268
0.04372905194759369,0.029268264770507812,0.09155583381652832
0.0546574592590332,0.024671077728271484,0.09155213832855225
0.06506532430648804,0.02028799057006836,0.09154826402664185
0.07387550175189972,0.016567111015319824,0.09154468774795532
0.08070862293243408,0.013676643371582031,0.09153544902801514
0.08549663424491882,0.011651039123535156,0.0915224552154541
0.08825218677520752,0.010485291481018066,0.09150815010070801
0.089193195104599,0.010090112686157227,0.09149366617202759
0.08862242102622986,0.011296987533569336,0.09113997220993042
0.08724716305732727,0.015326261520385742,0.09102052450180054
0.08481594920158386,0.022788166999816895,0.09099835157394409
0.08121827244758606,0.033793091773986816,0.09101212024688721
0.07640093564987183,0.048583984375,0.09104961156845093
0.07070529460906982,0.06613242626190186,0.09110182523727417
0.0646342933177948,0.0847775936126709,0.09116202592849731
0.058406904339790344,0.10384237766265869,0.09122604131698608
0.052108824253082275,0.12307620048522949,0.09129077196121216
0.04579061269760132,0.14236271381378174,0.09135502576828003
0.039473190903663635,0.16162478923797607,0.09141761064529419
0.03357216715812683,0.17951977252960205,0.09147316217422485
0.028608277440071106,0.19441890716552734,0.09151768684387207
0.02481953799724579,0.20569825172424316,0.09155279397964478
0.022304892539978027,0.21313905715942383,0.09157514572143555
0.02105705440044403,0.21678364276885986,0.09158563613891602
0.02077968418598175,0.21569335460662842,0.09127050638198853
0.0202036052942276,0.21243679523468018,0.09116387367248535
0.019232988357543945,0.206496000289917,0.091136634349823
0.017807498574256897,0.19765472412109375,0.09113937616348267
0.015875667333602905,0.18588769435882568,0.091158926486969
0.013594523072242737,0.17203986644744873,0.09118598699569702
0.011174187064170837,0.15736007690429688,0.0912206768989563
0.008684009313583374,0.14233899116516113,0.09126061201095581
0.006161808967590332,0.1271367073059082,0.09130245447158813
0.0036150068044662476,0.11181497573852539,0.09134525060653687
0.0010492205619812012,0.0963965654373169,0.09138786792755127
-0.001532822847366333,0.08088958263397217,0.09143012762069702
-0.004130631685256958,0.06529343128204346,0.091472327709198
-0.0067398399114608765,0.04960215091705322,0.09151339530944824
-0.009364277124404907,0.03380739688873291,0.09155434370040894
-0.012006670236587524,0.017899394035339355,0.09159427881240845
-0.01466873288154602,0.0018649101257324219,0.09163367748260498
-0.017279237508773804,-0.013820171356201172,0.09167081117630005
-0.019582301378250122,-0.027499675750732422,0.09170210361480713
-0.021431446075439453,-0.03831768035888672,0.09172457456588745
-0.022754430770874023,-0.04593396186828613,0.09173965454101562
-0.023525476455688477,-0.05027461051940918,0.09174811840057373
-0.023813918232917786,-0.05184125900268555,0.09175127744674683
-0.02426259219646454,-0.050679802894592285,0.09152251482009888
-0.025386691093444824,-0.046915531158447266,0.09144556522369385
-0.027369990944862366,-0.040001630783081055,0.09142488241195679
-0.030293241143226624,-0.0298154354095459,0.09142529964447021
-0.034170880913734436,-0.016327738761901855,0.09143823385238647
-0.03869184851646423,-0.0005600452423095703,0.09146261215209961
-0.04344072937965393,0.015956759452819824,0.09149444103240967
-0.048249632120132446,0.03260636329650879,0.091530442237854
-0.05304637551307678,0.049172401428222656,0.09156745672225952
-0.05779382586479187,0.06555962562561035,0.0916031002998352
-0.06248156726360321,0.08172440528869629,0.09163755178451538
-0.06710129976272583,0.09764444828033447,0.09166991710662842
-0.07164549082517624,0.1133108139038086,0.09169983863830566
-0.07599762827157974,0.12827205657958984,0.09172743558883667
-0.07975310832262039,0.14104187488555908,0.09175008535385132
-0.08269426226615906,0.15094387531280518,0.09176772832870483
-0.08475151658058167,0.15783250331878662,0.09177947044372559
-0.08592888712882996,0.16173529624938965,0.09178584814071655
-0.08636271953582764,0.1631453037261963,0.09178799390792847
-0.08615828305482864,0.1620844602584839,0.09159749746322632
-0.08519767969846725,0.1587768793106079,0.09153395891189575
-0.08331650495529175,0.15271103382110596,0.09151977300643921
-0.0805075541138649,0.1437244415283203,0.09152555465698242
-0.07672317326068878,0.13170766830444336,0.09153985977172852
-0.07223879545927048,0.11742842197418213,0.09155744314193726
-0.06745721399784088,0.10214686393737793,0.09157449007034302
-0.06253994256258011,0.08636605739593506,0.0915907621383667
-0.0575345978140831,0.07025587558746338,0.09160596132278442
-0.052454181015491486,0.053888797760009766,0.09162038564682007
-0.04730667173862457,0.03731262683868408,0.09163320064544678
-0.04211066663265228,0.02057015895843506,0.09164422750473022
-0.03688180446624756,0.003707408905029297,0.09165376424789429
-0.03163924813270569,-0.013222694396972656,0.09166032075881958
-0.02639824151992798,-0.030167102813720703,0.09166592359542847
-0.02117590606212616,-0.047070860862731934,0.09167075157165527
-0.015983998775482178,-0.06387555599212646,0.09167355298995972
-0.010851055383682251,-0.08049607276916504,0.09167546033859253
-0.006274044513702393,-0.09558939933776855,0.0916789174079895
-0.0025871098041534424,-0.1078958511352539,0.09167736768722534
0.0001415163278579712,-0.1169971227645874,0.09167146682739258
0.0019014477729797363,-0.12286341190338135,0.09166300296783447
0.002702966332435608,-0.12555932998657227,0.09165239334106445
0.002049952745437622,-0.12469172477722168,0.09138047695159912
0.0002793222665786743,-0.12202596664428711,0.0912858247756958
-0.002910792827606201,-0.11712729930877686,0.0912596583366394
-0.007648542523384094,-0.10975170135498047,0.09124940633773804
-0.014040276408195496,-0.09979403018951416,0.09124916791915894
-0.021624594926834106,-0.08794820308685303,0.09125089645385742
-0.029747575521469116,-0.07535576820373535,0.09126508235931396
-0.03816172480583191,-0.062375664710998535,0.09129047393798828
-0.046764686703681946,-0.04911303520202637,0.0913206934928894
-0.05550915747880936,-0.03560924530029297,0.0913497805595398
-0.06437993794679642,-0.021917104721069336,0.09138065576553345
-0.0733596682548523,-0.008069038391113281,0.09141302108764648
-0.08243007957935333,0.005908489227294922,0.0914468765258789
-0.09157214313745499,0.01998579502105713,0.09148174524307251
-0.10075540095567703,0.034142494201660156,0.09151500463485718
-0.10995680838823318,0.04834175109863281,0.09154742956161499
-0.1191558688879013,0.06253767013549805,0.09158021211624146
-0.1283264309167862,0.07668423652648926,0.09161335229873657
-0.1374378502368927,0.09073066711425781,0.09164690971374512
-0.14645616710186005,0.10462069511413574,0.09168064594268799
-0.15533915162086487,0.11829519271850586,0.09171253442764282
-0.16402016580104828,0.13169074058532715,0.09174245595932007
-0.17248164117336273,0.1447371244430542,0.0917704701423645
-0.18070964515209198,0.15738427639007568,0.09179627895355225
-0.1886196881532669,0.1695871353149414,0.0918194055557251
-0.19626030325889587,0.18133628368377686,0.09183961153030396
-0.20358192920684814,0.19262182712554932,0.0918574333190918
-0.2106468379497528,0.20347368717193604,0.09187346696853638
-0.21741649508476257,0.21390461921691895,0.09188711643218994
-0.22383296489715576,0.22378015518188477,0.0918990969657898
-0.22933527827262878,0.23218297958374023,0.09190928936004639
-0.23361170291900635,0.23869001865386963,0.09191775321960449
-0.23663532733917236,0.24328112602233887,0.09192383289337158
-0.23844361305236816,0.24599754810333252,0.09192782640457153
-0.23914673924446106,0.24704372882843018,0.09192913770675659
-0.23914478719234467,0.24646127223968506,0.09180092811584473
-0.2389841377735138,0.24477779865264893,0.09175926446914673
-0.23866866528987885,0.24174749851226807,0.09175384044647217
-0.23818150162696838,0.23732197284698486,0.09174960851669312
-0.23752591013908386,0.2315068244934082,0.09174185991287231
-0.23677068948745728,0.22479009628295898,0.09173500537872314
-0.23599790036678314,0.21780884265899658,0.09173601865768433
-0.23522727191448212,0.21076560020446777,0.09174400568008423
-0.23444998264312744,0.20370137691497803,0.09174972772598267
-0.23366916179656982,0.19661211967468262,0.09175509214401245
-0.23288743197917938,0.1894780397415161,0.09176230430603027
-0.2321026623249054,0.182273268699646,0.09177279472351074
-0.23129381239414215,0.174940824508667,0.09177893400192261
-0.23046761751174927,0.16745305061340332,0.0917847752571106
-0.22962777316570282,0.1597839593887329,0.09179383516311646
-0.2287498116493225,0.1518634557723999,0.09180068969726562
-0.22784626483917236,0.14367663860321045,0.0918087363243103
-0.2269105613231659,0.13518762588500977,0.09181690216064453
-0.22594156861305237,0.1263653039932251,0.09182649850845337
-0.224919855594635,0.11716103553771973,0.09183531999588013
-0.22385992109775543,0.10757577419281006,0.09184509515762329
-0.22276023030281067,0.09759914875030518,0.09185540676116943
-0.22160664200782776,0.08721387386322021,0.0918658971786499
-0.22040750086307526,0.07643270492553711,0.0918760895729065
-0.21916814148426056,0.06527340412139893,0.09188640117645264
-0.21789231896400452,0.053755879402160645,0.09189623594284058
-0.216583251953125,0.04190242290496826,0.09190553426742554
-0.2152358889579773,0.029736042022705078,0.09191423654556274
-0.21385423839092255,0.017282485961914062,0.09192162752151489
-0.21245110034942627,0.004586219787597656,0.09192806482315063
-0.21118274331092834,-0.007284879684448242,0.0919342041015625
-0.21016542613506317,-0.01720404624938965,0.09193998575210571
-0.2094079554080963,-0.024721384048461914,0.09194439649581909
-0.20892302691936493,-0.029668211936950684,0.09194743633270264
-0.2087131142616272,-0.031984567642211914,0.09194880723953247
-0.20861199498176575,-0.031180977821350098,0.09186267852783203
-0.20803281664848328,-0.02866518497467041,0.09183400869369507
-0.20691797137260437,-0.024127960205078125,0.09182822704315186
-0.20527175068855286,-0.01750171184539795,0.09183132648468018
-0.2031136453151703,-0.008884072303771973,0.09183758497238159
-0.20066474378108978,0.0009534358978271484,0.09184414148330688
-0.19817717373371124,0.011050224304199219,0.09184914827346802
-0.1957368552684784,0.02103888988494873,0.09185278415679932
-0.1933608502149582,0.030791640281677246,0.09185528755187988
-0.19105340540409088,0.040282607078552246,0.09185749292373657
-0.18881341814994812,0.0495150089263916,0.09185796976089478
-0.18663476407527924,0.05851030349731445,0.0918581485748291
-0.18450742959976196,0.06727683544158936,0.09185796976089478
-0.18242427706718445,0.07584977149963379,0.09185749292373657
-0.18037767708301544,0.08426535129547119,0.0918569564819336
-0.1784510761499405,0.09221184253692627,0.09185844659805298
-0.17683731019496918,0.09890854358673096,0.09186261892318726
-0.17559409141540527,0.1040884256362915,0.09186697006225586
-0.17473599314689636,0.10767340660095215,0.09187084436416626
-0.17426878213882446,0.10964131355285645,0.09187287092208862
-0.17411011457443237,0.1103125810623169,0.09187209606170654
